date,open,high,low,close,volume,vwap,ticker
2021-01-04,375.31,375.45,364.82,368.79,110478457,369.352,SPY
2021-01-05,368.1,372.5,368.05,371.33,66580764,370.3831,SPY
2021-01-06,369.71,376.98,369.12,373.55,108201038,373.7995,SPY
2021-01-07,376.1,379.9,375.91,379.1,66841612,378.2337,SPY
2021-01-08,380.59,381.49,377.1,381.26,71623236,380.1117,SPY
2021-01-11,377.85,380.58,377.7189,378.69,51151848,379.1381,SPY
2021-01-12,378.89,379.86,376.36,378.77,52692394,378.6651,SPY
2021-01-13,378.69,380.86,377.85,379.79,45408266,379.6581,SPY
2021-01-14,380.59,381.13,378.1,378.46,49908476,379.6721,SPY
2021-01-15,376.72,377.58,373.7,375.7,106102383,376.1028,SPY
2021-01-19,378.34,379.23,376.75,378.65,51328803,378.0918,SPY
2021-01-20,381.11,384.79,380.69,383.89,61211499,382.5785,SPY
2021-01-21,384.49,384.95,383.25,384.24,47887079,384.2358,SPY
2021-01-22,382.25,384.1256,381.835,382.88,52322581,383.1974,SPY
2021-01-25,383.67,384.77,378.46,384.39,70594392,382.7642,SPY
2021-01-26,385.41,385.85,383.54,383.79,41457243,384.4052,SPY
2021-01-27,380.22,380.32,372.01,374.41,123465353,376.5794,SPY
2021-01-28,376.36,381.93,375.89,377.63,94387034,378.4114,SPY
2021-01-29,375.63,376.67,368.27,370.07,126537171,372.2035,SPY
2021-02-01,373.72,377.34,371.42,376.23,76204131,374.487,SPY
2021-02-02,379.65,383.22,379.6,381.55,64708569,381.4685,SPY
2021-02-03,382.435,383.7,380.48,381.85,52656585,382.333,SPY
2021-02-04,382.96,386.24,382.78,386.19,46732539,384.5356,SPY
2021-02-05,388.2,388.47,386.485,387.71,48863539,387.4232,SPY
2021-02-08,389.27,390.56,388.35,390.51,38535608,389.299,SPY
2021-02-09,389.61,390.89,389.17,390.25,35775029,390.288,SPY
2021-02-10,392.12,392.28,387.5,390.08,59170131,389.9511,SPY
2021-02-11,391.24,391.69,388.1,390.71,43070000,390.1722,SPY
2021-02-12,389.85,392.9,389.77,392.64,50749624,391.598,SPY
2021-02-16,393.96,394.17,391.53,392.3,51250583,392.8844,SPY
2021-02-17,390.42,392.66,389.33,392.39,53065043,391.3754,SPY
2021-02-18,389.59,391.515,387.74,390.72,59927621,390.1047,SPY
2021-02-19,392.07,392.38,389.55,390.03,82264583,390.7587,SPY
2021-02-22,387.06,389.62,386.74,387.03,67525246,387.9619,SPY
2021-02-23,384.66,388.945,380.2,387.5,107317266,385.139,SPY
2021-02-24,386.33,392.23,385.27,391.77,72389150,389.4661,SPY
2021-02-25,390.41,391.88,380.7789,382.33,146861885,385.8698,SPY
2021-02-26,384.35,385.58,378.23,380.36,152919040,382.2421,SPY
2021-03-01,385.59,390.92,385.54,389.58,105213631,388.222,SPY
2021-03-02,389.82,390.07,386.0,386.54,79275461,388.2773,SPY
2021-03-03,385.79,386.83,381.31,381.42,119374393,384.0218,SPY
2021-03-04,381.22,384.0,371.88,376.7,183594701,378.286,SPY
2021-03-05,380.46,384.76,372.64,383.63,152047537,379.1479,SPY
2021-03-08,384.66,387.68,381.42,381.72,122590782,384.6991,SPY
2021-03-09,385.85,389.91,385.31,387.17,113448927,387.287,SPY
2021-03-10,389.69,391.4,388.1702,389.58,110153696,389.6238,SPY
2021-03-11,392.23,395.65,391.74,393.53,86413504,393.216,SPY
2021-03-12,392.07,394.21,391.2,394.06,64774109,392.8978,SPY
2021-03-15,394.33,396.685,392.03,396.41,73796511,394.5227,SPY
2021-03-16,397.07,397.83,395.08,395.91,73931454,396.5745,SPY
2021-03-17,394.53,398.12,393.3,397.26,98019311,395.6922,SPY
2021-03-18,394.475,396.72,390.75,391.48,115499892,393.9945,SPY
2021-03-19,389.88,391.569,387.15,389.48,113940418,389.834,SPY
2021-03-22,390.03,394.07,389.97,392.59,73807542,391.9155,SPY
2021-03-23,391.91,393.46,388.66,389.5,90822581,391.2144,SPY
2021-03-24,391.0,392.75,387.47,387.52,97941109,390.114,SPY
2021-03-25,385.98,390.55,383.9,389.7,116251957,387.4372,SPY
2021-03-26,390.93,396.41,390.29,395.98,114564012,392.5261,SPY
2021-03-29,394.4,396.75,392.81,395.78,108206334,395.1982,SPY
2021-03-30,394.42,395.45,393.02,394.73,76525361,394.4529,SPY
2021-03-31,395.34,398.0,395.31,396.33,112809529,396.3384,SPY
2021-04-01,398.4,400.67,398.18,400.61,99895578,398.279,SPY
2021-04-05,403.46,406.94,403.38,406.36,91825660,404.9325,SPY
2021-04-06,405.76,407.24,405.4,406.12,62239948,406.378,SPY
2021-04-07,405.94,406.96,405.45,406.59,55675548,406.3138,SPY
2021-04-08,407.93,408.58,406.93,408.52,57794487,407.7764,SPY
2021-04-09,408.39,411.67,408.26,411.49,61267803,409.8054,SPY
2021-04-12,410.85,411.93,410.2,411.64,56907047,411.186,SPY
2021-04-13,411.53,413.529,411.12,412.86,56770624,412.2494,SPY
2021-04-14,412.83,413.96,410.87,411.45,61758661,412.362,SPY
2021-04-15,413.74,416.16,413.69,415.87,60298783,414.7335,SPY
2021-04-16,417.25,417.91,415.73,417.26,82295202,416.9368,SPY
2021-04-19,416.26,416.74,413.79,415.21,78626254,415.3593,SPY
2021-04-20,413.91,415.0859,410.59,412.17,81981133,412.6764,SPY
2021-04-21,411.51,416.29,411.36,416.07,66940318,414.5684,SPY
2021-04-22,415.89,416.78,411.13,412.27,97638164,413.9405,SPY
2021-04-23,412.87,418.25,412.79,416.74,73337139,415.659,SPY
2021-04-26,417.44,418.22,416.97,417.61,52214900,417.5082,SPY
2021-04-27,417.93,418.14,416.3,417.52,51484802,417.4828,SPY
2021-04-28,417.81,419.01,416.9,417.4,51148801,417.7436,SPY
2021-04-29,420.32,420.72,416.44,420.06,78779400,418.8354,SPY
2021-04-30,417.63,418.54,416.34,417.3,85741191,417.6486,SPY
2021-05-03,419.43,419.84,417.665,418.2,68340826,418.2948,SPY
2021-05-04,416.07,416.6,411.67,415.62,101780093,414.475,SPY
2021-05-05,417.38,417.63,414.94,415.75,60257756,416.2568,SPY
2021-05-06,415.83,419.21,413.675,419.07,74442960,416.6705,SPY
2021-05-07,419.89,422.815,419.16,422.12,67904191,421.614,SPY
2021-05-10,422.5,422.74,417.81,417.94,82023882,420.4215,SPY
2021-05-11,413.1,415.27,410.06,414.21,117104187,413.6393,SPY
2021-05-12,411.23,412.59,404.0,405.41,134557560,408.3354,SPY
2021-05-13,407.07,412.35,407.02,410.28,106574824,410.0025,SPY
2021-05-14,413.21,417.49,413.18,416.58,82431395,415.2963,SPY
2021-05-17,415.39,416.39,413.36,415.52,65231637,415.0019,SPY
2021-05-18,415.8,416.06,411.77,411.94,59988588,414.3152,SPY
2021-05-19,406.92,411.05,405.33,410.86,106399284,408.5827,SPY
2021-05-20,411.8,416.625,411.67,415.28,78120117,414.3526,SPY
2021-05-21,416.87,418.2,414.45,414.94,76761231,415.943,SPY
2021-05-24,417.34,420.32,417.08,419.17,51609310,418.8735,SPY
2021-05-25,420.33,420.71,417.62,418.24,57639401,418.8644,SPY
2021-05-26,418.87,419.61,417.76,419.07,43267919,418.8257,SPY
2021-05-27,420.17,420.72,419.12,419.29,56780925,419.7647,SPY
2021-05-28,420.97,421.25,419.79,420.04,58178233,420.3828,SPY
2021-06-01,422.57,422.72,419.2,419.67,54055887,420.2467,SPY
2021-06-02,420.37,421.23,419.29,420.33,49195766,420.1838,SPY
2021-06-03,417.85,419.99,416.28,418.77,58329399,418.7593,SPY
2021-06-04,420.75,422.92,420.68,422.6,55807692,421.672,SPY
2021-06-07,422.59,422.78,421.19,422.19,51704728,421.9857,SPY
2021-06-08,423.11,423.21,420.32,422.28,46964278,422.1817,SPY
2021-06-09,423.18,423.26,421.41,421.65,48444999,422.3273,SPY
2021-06-10,422.96,424.63,421.55,423.61,51049901,423.3297,SPY
2021-06-11,424.2,424.43,422.82,424.31,43234019,423.7817,SPY
2021-06-14,424.43,425.37,423.1,425.26,42210255,424.0982,SPY
2021-06-15,425.42,425.46,423.54,424.48,51671109,424.5186,SPY
2021-06-16,424.63,424.87,419.92,422.11,79931518,422.489,SPY
2021-06-17,421.67,423.02,419.32,421.97,91117086,421.8919,SPY
2021-06-18,417.09,417.8281,414.7,414.92,118528545,416.803,SPY
2021-06-21,416.8,421.06,415.93,420.86,72920873,419.2599,SPY
2021-06-22,420.85,424.0,420.08,423.11,56977011,422.2165,SPY
2021-06-23,423.19,424.05,422.51,422.6,49240348,423.175,SPY
2021-06-24,424.89,425.55,424.62,425.1,45246597,424.8872,SPY
2021-06-25,425.9,427.0943,425.55,426.61,58240132,426.2099,SPY
2021-06-28,427.17,427.65,425.89,427.47,53354729,426.8197,SPY
2021-06-29,427.88,428.56,427.13,427.7,35873804,427.8444,SPY
2021-06-30,427.21,428.78,427.18,428.06,64517207,428.0337,SPY
2021-07-01,428.87,430.6,428.8,430.43,53657782,429.7116,SPY
2021-07-02,431.67,434.1,431.33,433.72,57852713,432.8409,SPY
2021-07-06,433.78,434.01,430.01,432.93,68729063,432.1618,SPY
2021-07-07,433.66,434.76,431.51,434.46,63714583,433.7315,SPY
2021-07-08,428.78,431.73,427.52,430.92,97804861,430.1577,SPY
2021-07-09,432.53,435.84,432.31,435.52,76378977,434.4412,SPY
2021-07-12,435.43,437.35,434.97,437.08,52449266,436.5282,SPY
2021-07-13,436.24,437.84,435.31,435.59,52790461,436.3838,SPY
2021-07-14,437.4,437.92,434.91,436.24,64286151,436.3153,SPY
2021-07-15,434.81,435.53,432.72,434.75,55212984,434.4532,SPY
2021-07-16,436.01,436.06,430.92,431.34,72752672,433.2107,SPY
2021-07-19,426.19,431.4089,421.97,424.97,147932133,424.4345,SPY
2021-07-20,425.68,432.42,424.83,431.06,99784841,429.6423,SPY
2021-07-21,432.34,434.7,431.0111,434.55,64904513,433.4252,SPY
2021-07-22,434.74,435.72,433.69,435.46,47963026,434.8862,SPY
2021-07-23,437.52,440.3,436.79,439.94,63950573,438.521,SPY
2021-07-26,439.31,441.03,439.26,441.02,43875088,440.195,SPY
2021-07-27,439.91,439.94,435.99,439.01,67539148,438.2311,SPY
2021-07-28,439.68,440.3,437.31,438.83,50894998,438.9868,SPY
2021-07-29,439.815,441.8,439.81,440.65,47397842,440.8157,SPY
2021-07-30,437.91,440.06,437.77,438.51,68951202,438.8069,SPY
2021-08-02,440.34,440.93,437.21,437.59,58399297,438.9469,SPY
2021-08-03,438.44,441.28,436.1,441.15,57738850,439.1748,SPY
2021-08-04,439.78,441.1243,438.73,438.98,46706212,439.705,SPY
2021-08-05,440.22,441.85,439.88,441.76,38964559,440.6863,SPY
2021-08-06,442.1,442.94,441.8,442.49,45812008,442.3052,SPY
2021-08-09,442.46,442.795,441.31,442.13,41222585,442.2061,SPY
2021-08-10,442.61,443.44,441.88,442.68,42975851,442.5943,SPY
2021-08-11,443.82,443.882,442.62,443.78,43749190,443.3916,SPY
2021-08-12,443.62,445.2572,442.66,445.11,38942418,444.1853,SPY
2021-08-13,445.59,445.94,445.07,445.92,39441451,445.5441,SPY
2021-08-16,444.53,447.11,442.87,446.97,73930864,445.2783,SPY
2021-08-17,444.24,444.96,440.85,444.04,92651433,443.5632,SPY
2021-08-18,442.96,444.625,438.92,439.18,89351931,441.7939,SPY
2021-08-19,436.27,441.14,436.12,439.86,92689386,439.099,SPY
2021-08-20,440.23,443.71,439.71,443.36,71819112,442.2624,SPY
2021-08-23,445.16,448.23,443.4355,447.26,54968538,446.7581,SPY
2021-08-24,447.97,448.54,447.42,447.97,38721714,447.9647,SPY
2021-08-25,448.17,449.457,447.77,448.91,40529711,448.7852,SPY
2021-08-26,448.61,448.86,446.16,446.26,57710772,447.238,SPY
2021-08-27,447.12,450.65,447.06,450.25,77056613,449.4451,SPY
2021-08-30,450.97,453.07,450.71,452.23,48357355,452.0586,SPY
2021-08-31,452.13,452.49,450.92,451.56,58987985,451.7938,SPY
2021-09-01,452.56,453.11,451.545,451.8,48580378,452.2969,SPY
2021-09-02,453.32,454.05,451.91,453.19,40912367,452.9232,SPY
2021-09-03,451.98,453.63,451.55,453.08,47231364,452.9032,SPY
2021-09-07,452.71,452.81,450.7423,451.46,51921318,451.8342,SPY
2021-09-08,450.89,451.67,448.86,450.91,56147907,450.5382,SPY
2021-09-09,450.7,452.57,448.72,448.98,57935207,450.2357,SPY
2021-09-10,451.04,451.49,445.31,445.44,89465874,447.6791,SPY
2021-09-13,448.64,448.92,444.11,446.58,83969944,446.0005,SPY
2021-09-14,448.12,448.34,443.22,444.17,79344873,444.9748,SPY
2021-09-15,444.62,448.41,443.44,447.88,78937824,446.2478,SPY
2021-09-16,447.32,448.36,444.02,447.17,77209185,446.5427,SPY
2021-09-17,444.92,445.37,441.02,441.4,118047787,442.6771,SPY
2021-09-20,434.88,436.56,428.86,434.04,165478034,433.6052,SPY
2021-09-21,436.53,437.91,433.07,433.63,92357112,435.1409,SPY
2021-09-22,436.05,440.03,433.747,437.86,101480143,437.8969,SPY
2021-09-23,439.85,444.89,439.6,443.18,76365981,442.9113,SPY
2021-09-24,441.44,444.67,441.21,443.91,61994837,443.3184,SPY
2021-09-27,442.81,444.05,441.9,442.64,60867583,443.0258,SPY
2021-09-28,439.69,440.04,432.94,433.72,130350306,435.6609,SPY
2021-09-29,435.19,437.04,433.85,434.45,82058963,435.3033,SPY
2021-09-30,436.02,436.77,428.78,429.14,140598198,432.0754,SPY
2021-10-01,430.98,436.0329,427.23,434.24,129107301,431.7327,SPY
2021-10-04,433.0,433.96,426.36,428.64,128346956,429.0805,SPY
2021-10-05,430.24,435.49,429.39,433.1,90682519,433.1342,SPY
2021-10-06,429.27,435.1199,427.54,434.9,112977345,431.7015,SPY
2021-10-07,438.39,441.68,438.2,438.66,72335949,439.676,SPY
2021-10-08,439.48,439.89,437.19,437.86,74665304,438.3975,SPY
2021-10-11,437.16,440.26,434.62,434.69,65233283,437.1387,SPY
2021-10-12,435.67,436.1,432.78,433.62,71170063,434.3746,SPY
2021-10-13,434.71,436.05,431.54,435.18,72761979,434.0766,SPY
2021-10-14,439.08,442.66,438.58,442.5,67509325,441.0021,SPY
2021-10-15,444.75,446.26,444.09,445.87,66145960,445.1634,SPY
2021-10-18,443.97,447.55,443.27,447.19,62213228,446.2843,SPY
2021-10-19,448.92,450.71,448.27,450.64,46957827,449.8321,SPY
2021-10-20,451.13,452.732,451.01,452.41,49571569,451.912,SPY
2021-10-21,451.77,453.829,451.31,453.59,41055438,452.4889,SPY
2021-10-22,453.13,454.67,451.05,453.12,58745088,453.0362,SPY
2021-10-25,454.28,455.9,452.39,455.55,45173607,454.6282,SPY
2021-10-26,457.2,458.49,455.56,455.96,55858916,456.8677,SPY
2021-10-27,456.45,457.16,453.86,453.94,72215997,455.217,SPY
2021-10-28,455.46,458.4,455.45,458.32,51412959,456.8443,SPY
2021-10-29,455.87,459.56,455.56,459.25,70147024,458.3068,SPY
2021-11-01,460.3,460.7021,458.2,460.04,48433642,459.4617,SPY
2021-11-02,460.22,462.23,460.08,461.9,48504417,461.3643,SPY
2021-11-03,461.3,465.15,460.83,464.72,52507426,463.0092,SPY
2021-11-04,465.36,467.0,464.99,466.91,52842687,465.9631,SPY
2021-11-05,469.28,470.65,466.92,468.53,66100363,468.8804,SPY
2021-11-08,469.7,470.23,468.2031,468.93,50192592,468.9905,SPY
2021-11-09,469.32,469.57,465.88,467.38,51132147,467.3029,SPY
2021-11-10,465.58,467.38,462.04,463.62,69429644,464.8782,SPY
2021-11-11,465.21,465.29,463.75,463.77,34848494,464.3668,SPY
2021-11-12,465.12,467.86,464.11,467.27,53466654,466.3091,SPY
2021-11-15,468.64,468.81,466.23,467.43,46967500,467.3737,SPY
2021-11-16,467.15,470.485,467.07,469.28,48857502,469.0457,SPY
2021-11-17,469.0,469.19,467.48,468.14,47158289,468.37,SPY
2021-11-18,469.24,470.01,466.34,469.73,50625607,468.7785,SPY
2021-11-19,469.61,470.94,468.5,468.89,54378573,469.4411,SPY
2021-11-22,470.89,473.54,467.35,467.57,72491954,470.435,SPY
2021-11-23,467.22,469.095,464.45,468.19,73206538,466.9913,SPY
2021-11-24,466.06,469.57,465.19,469.44,61508813,468.0542,SPY
2021-11-26,462.34,463.9,457.77,458.97,112669635,461.2786,SPY
2021-11-29,464.07,466.56,461.73,464.6,86240818,464.0689,SPY
2021-11-30,462.0,464.03,455.3,455.56,148559598,458.8431,SPY
2021-12-01,461.64,464.67,450.29,450.5,132414435,457.4152,SPY
2021-12-02,450.73,459.07,450.31,457.4,127637758,455.7043,SPY
2021-12-03,459.17,460.3,448.92,453.42,137331647,453.0439,SPY
2021-12-06,456.13,460.79,453.56,458.79,97477532,457.5764,SPY
2021-12-07,464.41,468.88,458.6546,468.28,95467688,466.813,SPY
2021-12-08,468.7,470.0,466.83,469.52,71609277,468.5873,SPY
2021-12-09,468.15,469.6291,466.14,466.35,61272568,467.9605,SPY
2021-12-10,469.23,470.9,466.51,470.74,77128507,468.9296,SPY
2021-12-13,470.19,470.56,466.27,466.57,87724680,468.0599,SPY
2021-12-14,463.09,465.74,460.25,463.36,97159128,463.1988,SPY
2021-12-15,463.42,470.86,460.74,470.6,116899251,465.8393,SPY
2021-12-16,472.57,472.87,464.8,466.45,116494626,468.7097,SPY
2021-12-17,461.55,464.74,458.06,459.87,135583150,461.5026,SPY
2021-12-20,454.48,455.4,451.14,454.98,106788817,454.1844,SPY
2021-12-21,458.61,463.21,456.31,463.06,69806260,460.2953,SPY
2021-12-22,462.79,467.81,462.58,467.69,58790223,465.801,SPY
2021-12-23,468.75,472.19,468.64,470.6,56139745,470.6108,SPY
2021-12-27,472.06,477.31,472.01,477.26,56808619,475.279,SPY
2021-12-28,477.72,478.81,476.06,476.87,46974585,477.2276,SPY
2021-12-29,476.98,478.56,475.92,477.48,54091464,477.2659,SPY
2021-12-30,477.93,479.0,475.67,476.16,55329041,477.4587,SPY
2021-12-31,475.64,476.86,474.67,474.96,64917431,475.6196,SPY
2022-01-03,476.3,477.85,473.85,477.71,72668233,476.527,SPY
2022-01-04,479.22,479.98,475.58,477.55,71070678,477.8703,SPY
2022-01-05,477.16,477.98,468.2801,468.38,104494940,473.2328,SPY
2022-01-06,467.89,470.82,465.43,467.94,86498500,468.4813,SPY
2022-01-07,467.95,469.2,464.65,466.09,85111593,466.939,SPY
2022-01-10,462.7,465.74,456.5973,465.51,119361988,461.5904,SPY
2022-01-11,465.23,469.85,462.05,469.75,74189562,466.4853,SPY
2022-01-12,471.59,473.2,468.94,471.02,67602444,470.9955,SPY
2022-01-13,472.19,472.88,463.44,464.53,91137601,467.9368,SPY
2022-01-14,461.19,465.09,459.9,464.72,95890948,462.9488,SPY
2022-01-18,459.74,459.96,455.31,456.49,109851226,457.9682,SPY
2022-01-19,458.13,459.6124,451.46,451.75,108347069,455.5262,SPY
2022-01-20,453.75,458.74,444.5,446.75,122001796,452.3944,SPY
2022-01-21,445.56,448.06,437.95,437.98,202025141,442.5437,SPY
2022-01-24,432.03,440.38,420.76,439.84,252248938,430.7247,SPY
2022-01-25,433.06,439.72,427.15,434.47,167685150,433.6947,SPY
2022-01-26,440.72,444.04,428.86,433.38,186240418,437.1371,SPY
2022-01-27,438.26,441.59,429.45,431.24,149846107,434.5969,SPY
2022-01-28,432.68,442.0,427.82,441.95,164188170,435.3435,SPY
2022-01-31,441.24,450.28,439.81,449.91,152106025,445.9021,SPY
2022-02-01,450.68,453.63,446.9384,452.95,123155381,450.7136,SPY
2022-02-02,455.5,458.12,453.05,457.35,116776953,455.6624,SPY
2022-02-03,450.95,452.97,445.71,446.6,118024442,449.827,SPY
2022-02-04,446.35,452.78,443.83,448.7,118436652,448.3226,SPY
2022-02-07,449.51,450.99,445.85,447.26,84472859,448.6198,SPY
2022-02-08,446.73,451.92,445.22,450.94,80981286,449.0816,SPY
2022-02-09,455.22,457.88,455.005,457.54,92495929,455.9303,SPY
2022-02-10,451.34,457.71,447.2,449.32,140103712,452.9121,SPY
2022-02-11,449.41,451.605,438.94,440.46,153214597,444.1699,SPY
2022-02-14,439.92,441.6,435.34,439.02,122934262,438.9049,SPY
2022-02-15,443.73,446.28,443.18,446.1,88641503,444.6794,SPY
2022-02-16,443.93,448.055,441.94,446.6,84815085,444.9697,SPY
2022-02-17,443.22,446.5652,436.42,437.06,102259108,439.9789,SPY
2022-02-18,437.33,438.66,431.82,434.23,132502896,435.2278,SPY
2022-02-22,431.89,435.5,425.86,429.57,124379870,430.707,SPY
2022-02-23,432.66,433.26,421.35,421.95,132374005,425.9146,SPY
2022-02-24,411.02,428.76,410.64,428.3,213923446,419.7499,SPY
2022-02-25,429.61,437.84,427.86,437.75,121785659,434.3466,SPY
2022-02-28,432.03,438.2,430.7,436.63,145594529,434.5719,SPY
2022-03-01,435.04,437.17,427.11,429.98,137720158,431.6669,SPY
2022-03-02,432.37,439.72,431.57,437.89,117711825,436.2299,SPY
2022-03-03,440.47,441.11,433.8,435.71,105501715,436.9085,SPY
2022-03-04,431.75,433.37,427.88,432.17,114083256,430.9209,SPY
2022-03-07,431.55,432.3018,419.36,419.43,137811760,423.9601,SPY
2022-03-08,419.62,427.21,415.12,416.25,164739744,419.763,SPY
2022-03-09,425.14,429.51,422.82,427.41,116832265,426.181,SPY
2022-03-10,422.52,426.43,420.44,425.48,93972655,423.8766,SPY
2022-03-11,428.12,428.77,419.53,420.07,95360277,423.9476,SPY
2022-03-14,420.89,424.55,415.79,417.0,95729188,419.1776,SPY
2022-03-15,419.77,426.84,418.42,426.17,106134117,422.761,SPY
2022-03-16,429.89,435.68,424.8,435.62,144704805,431.3891,SPY
2022-03-17,433.59,441.07,433.19,441.07,102651870,437.6986,SPY
2022-03-18,438.0,444.86,437.22,444.52,106332044,441.5188,SPY
2022-03-21,444.34,446.46,440.68,444.39,88249756,443.8006,SPY
2022-03-22,445.86,450.58,445.86,449.59,74280394,448.5657,SPY
2022-03-23,446.91,448.49,443.71,443.8,79367033,446.0537,SPY
2022-03-24,445.94,450.5,444.76,450.49,64736892,447.7172,SPY
2022-03-25,451.16,452.98,448.43,452.69,76738724,451.0456,SPY
2022-03-28,452.06,455.91,450.06,455.91,68289867,453.2845,SPY
2022-03-29,460.02,462.07,457.18,461.55,86556542,459.637,SPY
2022-03-30,460.34,461.195,456.465,458.7,79155242,459.1689,SPY
2022-03-31,457.89,458.76,451.16,451.64,121083948,455.3757,SPY
2022-04-01,453.31,453.46,449.14,452.92,88973773,451.8507,SPY
2022-04-04,453.13,456.91,452.26,456.8,59504500,455.311,SPY
2022-04-05,455.22,457.83,449.82,451.03,74213133,453.4101,SPY
2022-04-06,446.89,448.93,443.47,446.52,106844970,446.3477,SPY
2022-04-07,445.59,450.69,443.53,448.77,78097214,447.1117,SPY
2022-04-08,447.97,450.63,445.94,447.57,79205711,448.2497,SPY
2022-04-11,444.11,445.0,439.39,439.92,89770538,442.2088,SPY
2022-04-12,443.08,445.75,436.6501,438.29,84363635,440.8142,SPY
2022-04-13,438.03,444.11,437.84,443.31,73950154,441.2623,SPY
2022-04-14,443.55,444.7301,437.68,437.79,97869451,440.2705,SPY
2022-04-18,436.81,439.75,435.61,437.97,64950498,437.8417,SPY
2022-04-19,437.86,445.8,437.68,445.04,77784013,443.0733,SPY
2022-04-20,446.92,447.57,443.48,444.71,65210049,445.6116,SPY
2022-04-21,448.54,450.01,437.1,438.06,85417327,442.7637,SPY
2022-04-22,436.91,438.0825,425.44,426.04,132371772,429.8197,SPY
2022-04-25,423.67,428.69,418.84,428.51,119636648,423.9628,SPY
2022-04-26,425.83,426.04,416.07,416.1,103996312,420.0383,SPY
2022-04-27,417.24,422.92,415.01,417.27,121980990,418.8355,SPY
2022-04-28,422.29,429.64,417.6,427.81,105375338,424.0568,SPY
2022-04-29,423.59,425.87,411.21,412.0,145311088,416.8611,SPY
2022-05-02,412.07,415.92,405.02,414.48,158312526,411.153,SPY
2022-05-03,415.01,418.93,413.36,416.38,100013490,416.1059,SPY
2022-05-04,417.08,429.66,413.7099,429.06,144247895,421.2666,SPY
2022-05-05,424.55,425.0,409.44,413.81,172929106,415.4351,SPY
2022-05-06,411.1,414.8,405.73,411.34,151746311,410.5178,SPY
2022-05-09,405.1,406.41,396.5,398.17,155571067,401.9209,SPY
2022-05-10,404.49,406.08,394.82,399.09,132497200,399.8401,SPY
2022-05-11,398.07,404.04,391.96,392.75,142360992,397.438,SPY
2022-05-12,389.37,395.8,385.15,392.34,125090753,389.9946,SPY
2022-05-13,396.71,403.18,395.61,401.72,104060921,399.8724,SPY
2022-05-16,399.98,403.97,397.6,400.09,78582794,400.6442,SPY
2022-05-17,406.53,408.57,402.5824,408.32,82720710,405.7484,SPY
2022-05-18,403.5,403.8,390.55,391.86,117669645,396.0277,SPY
2022-05-19,388.62,394.14,387.11,389.46,98477715,390.3546,SPY
2022-05-20,393.25,397.03,380.54,389.63,131137197,387.0485,SPY
2022-05-23,392.83,397.73,390.38,396.92,76371878,395.1774,SPY
2022-05-24,392.56,395.15,386.96,393.89,91380131,391.5536,SPY
2022-05-25,392.31,399.45,391.89,397.37,91397866,395.7817,SPY
2022-05-26,398.67,407.04,398.45,405.31,82123839,404.2641,SPY
2022-05-27,407.91,415.3801,407.7,415.26,84769855,412.4828,SPY
2022-05-31,413.55,416.46,410.03,412.93,95936980,413.3975,SPY
2022-06-01,415.17,416.24,406.93,409.59,86565813,410.7886,SPY
2022-06-02,409.42,417.44,407.04,417.39,79409633,413.3725,SPY
2022-06-03,412.4,414.04,409.51,410.54,71874281,411.8587,SPY
2022-06-06,414.78,416.609,410.5523,411.79,57503038,413.0568,SPY
2022-06-07,408.1,416.22,407.61,415.74,59259373,412.9883,SPY
2022-06-08,413.93,415.82,410.38,411.22,64349966,412.7375,SPY
2022-06-09,409.34,411.74,401.44,401.44,86249796,406.8426,SPY
2022-06-10,394.88,395.7777,389.75,389.8,131723864,392.8831,SPY
2022-06-13,379.85,381.81,373.3,375.0,169975861,378.6775,SPY
2022-06-14,376.85,377.94,370.59,373.87,104007431,374.3226,SPY
2022-06-15,377.36,383.9,372.12,379.2,125666797,378.0522,SPY
2022-06-16,370.51,370.94,364.0799,366.65,134219538,368.4679,SPY
2022-06-17,365.51,369.38,362.17,365.86,111113904,366.2577,SPY
2022-06-21,371.89,376.525,371.81,375.07,76811861,374.3771,SPY
2022-06-22,370.62,378.72,370.18,374.39,90059424,375.1498,SPY
2022-06-23,376.64,378.83,372.89,378.06,79292135,376.2289,SPY
2022-06-24,381.4,390.09,381.365,390.08,97948933,386.7175,SPY
2022-06-27,391.05,391.36,387.44,388.59,65955617,389.0839,SPY
2022-06-28,390.23,393.16,380.53,380.65,86680824,384.908,SPY
2022-06-29,381.23,382.27,378.42,380.34,65583999,380.3919,SPY
2022-06-30,376.24,380.6582,372.56,377.25,112503273,377.0747,SPY
2022-07-01,376.56,381.7,373.8,381.24,74837629,378.234,SPY
2022-07-05,375.88,381.98,372.9,381.96,81406965,377.5154,SPY
2022-07-06,382.11,385.87,379.6,383.25,70121444,382.5043,SPY
2022-07-07,385.12,389.83,383.267,388.99,64511919,387.6265,SPY
2022-07-08,387.27,390.64,385.66,388.67,72385765,388.654,SPY
2022-07-11,385.85,386.87,383.5,384.23,58366945,384.8712,SPY
2022-07-12,383.65,386.16,378.99,380.83,62219178,382.6181,SPY
2022-07-13,375.1,381.92,374.658,378.83,84198649,378.8276,SPY
2022-07-14,373.61,379.0498,371.04,377.91,89704819,375.5832,SPY
2022-07-15,382.55,385.25,380.54,385.13,79026583,383.3245,SPY
2022-07-18,388.38,389.09,380.66,381.95,63203626,385.091,SPY
2022-07-19,386.08,392.87,385.39,392.27,78505972,389.3658,SPY
2022-07-20,392.47,396.26,391.03,394.77,71843769,394.171,SPY
2022-07-21,394.16,398.84,391.63,398.79,64903856,396.1218,SPY
2022-07-22,398.92,400.18,392.75,395.09,72197322,395.9432,SPY
2022-07-25,395.75,396.47,393.21,395.57,53599485,395.0443,SPY
2022-07-26,393.84,394.06,389.95,390.89,52946393,391.8555,SPY
2022-07-27,394.36,402.88,394.05,401.04,82042106,398.2952,SPY
2022-07-28,401.89,406.8,398.15,406.07,73962563,403.6443,SPY
2022-07-29,407.58,413.03,406.77,411.99,87003672,410.6717,SPY
2022-08-01,409.15,413.41,408.4,410.77,69972971,411.0756,SPY
2022-08-02,409.12,413.0,406.82,408.06,63435418,409.6317,SPY
2022-08-03,410.3,415.68,410.0,414.45,67810555,413.2696,SPY
2022-08-04,414.37,415.09,412.44,414.17,45656574,414.0805,SPY
2022-08-05,409.66,414.15,409.6,413.47,56814929,412.2923,SPY
2022-08-08,415.25,417.62,411.83,412.99,54025965,414.4226,SPY
2022-08-09,412.22,412.75,410.22,411.35,44931772,411.3326,SPY
2022-08-10,418.78,420.14,416.72,419.99,68580712,418.1864,SPY
2022-08-11,422.99,424.95,419.21,419.99,59489704,421.5761,SPY
2022-08-12,422.03,427.21,421.03,427.1,61626042,424.556,SPY
2022-08-15,424.765,429.41,424.71,428.86,53892880,427.6364,SPY
2022-08-16,427.73,431.73,426.88,429.7,59289039,429.3083,SPY
2022-08-17,425.91,429.5,424.54,426.65,62805394,426.9901,SPY
2022-08-18,426.86,428.61,425.5,427.89,49023206,427.1517,SPY
2022-08-19,424.98,425.26,421.22,422.14,67670402,423.0959,SPY
2022-08-22,417.05,417.23,412.4,413.35,77438140,415.0482,SPY
2022-08-23,412.9,415.42,411.77,412.35,49105249,413.0961,SPY
2022-08-24,412.11,415.1101,411.39,413.67,49159304,413.3834,SPY
2022-08-25,415.24,419.56,414.09,419.51,50642252,416.921,SPY
2022-08-26,419.39,419.96,405.25,405.31,102816976,410.7917,SPY
2022-08-29,402.2,405.84,401.1999,402.63,65368110,403.5533,SPY
2022-08-30,403.85,404.1,396.0,398.21,85554443,399.0826,SPY
2022-08-31,399.93,401.24,395.04,395.18,75752871,397.2118,SPY
2022-09-01,392.89,396.78,390.04,396.42,78635284,393.0494,SPY
2022-09-02,400.28,401.555,390.33,392.24,99632149,395.3788,SPY
2022-09-06,393.13,394.12,388.42,390.76,76395050,391.2617,SPY
2022-09-07,390.43,398.59,390.2,397.78,70764232,395.2707,SPY
2022-09-08,395.39,400.86,394.12,400.38,80821681,398.3136,SPY
2022-09-09,402.74,407.51,402.46,406.6,76506918,405.4837,SPY
2022-09-12,408.78,411.73,408.46,410.97,69227012,410.1579,SPY
2022-09-13,401.83,403.1,391.92,393.1,122922881,398.8397,SPY
2022-09-14,394.47,396.2,391.12,394.6,85023747,393.8378,SPY
2022-09-15,392.96,395.96,388.78,390.12,86700840,392.0139,SPY
2022-09-16,384.14,386.25,382.11,385.56,103024319,384.6004,SPY
2022-09-19,382.26,388.55,382.1784,388.55,73278490,386.239,SPY
2022-09-20,385.06,386.12,381.195,384.09,77197482,384.1447,SPY
2022-09-21,386.11,389.31,377.38,377.39,106746554,383.1166,SPY
2022-09-22,376.58,378.3,373.44,374.22,89472641,375.3314,SPY
2022-09-23,370.58,370.62,363.29,367.95,121656933,367.5728,SPY
2022-09-26,366.41,370.21,363.0299,364.31,92561244,365.9243,SPY
2022-09-27,368.02,370.4,360.87,363.38,108095972,364.5685,SPY
2022-09-28,364.38,372.3,362.6,370.53,110524217,367.9224,SPY
2022-09-29,366.81,367.11,359.7,362.79,112936695,362.804,SPY
2022-09-30,361.8,365.91,357.04,357.18,152793243,360.6607,SPY
2022-10-03,361.08,368.55,359.21,366.61,89746479,364.712,SPY
2022-10-04,372.4,378.0,366.5677,377.97,103602775,375.7279,SPY
2022-10-05,373.39,379.46,370.95,377.09,88065669,375.4577,SPY
2022-10-06,375.62,378.72,372.68,373.2,82333516,374.9031,SPY
2022-10-07,368.97,373.2933,360.94,362.79,107759998,365.0618,SPY
2022-10-10,363.96,364.21,357.67,360.02,76042765,360.7481,SPY
2022-10-11,358.235,363.03,355.71,357.74,92482785,358.7227,SPY
2022-10-12,358.17,359.8179,356.3,356.56,76991799,358.0018,SPY
2022-10-13,349.205,367.51,348.11,365.97,147224518,359.7938,SPY
2022-10-14,368.55,370.26,356.96,357.63,123575113,361.3654,SPY
2022-10-17,364.01,367.9799,357.2808,366.82,93168231,365.9575,SPY
2022-10-18,375.13,375.45,367.52,371.13,97139850,371.1249,SPY
2022-10-19,368.99,371.85,365.55,368.5,79717863,368.6657,SPY
2022-10-20,368.03,372.67,364.61,365.41,88283087,367.7129,SPY
2022-10-21,365.12,374.8,363.54,374.29,130882479,369.8637,SPY
2022-10-24,375.89,380.06,373.11,378.87,85416407,377.3659,SPY
2022-10-25,378.79,385.25,378.671,384.92,78833848,382.9919,SPY
2022-10-26,381.62,387.58,381.35,382.02,103906848,383.8749,SPY
2022-10-27,383.07,385.0,379.33,379.98,81971756,381.3414,SPY
2022-10-28,379.87,389.52,379.68,389.02,100301958,385.6367,SPY
2022-10-31,386.44,388.4,385.26,386.21,96443258,386.8624,SPY
2022-11-01,390.14,390.39,383.29,384.52,85203598,385.578,SPY
2022-11-02,383.9,388.63,374.76,374.87,126990356,381.5983,SPY
2022-11-03,371.465,374.2,368.79,371.01,87088515,372.1537,SPY
2022-11-04,377.0,378.87,370.0,376.35,103479982,374.2332,SPY
2022-11-07,377.71,380.57,375.53,379.95,68286947,378.3068,SPY
2022-11-08,381.11,385.12,377.72,382.0,84441062,381.9423,SPY
2022-11-09,379.93,381.14,373.61,374.13,78454648,377.1702,SPY
2022-11-10,388.05,395.04,385.642,394.69,141455847,389.39,SPY
2022-11-11,395.59,399.35,393.61,398.51,93839872,396.974,SPY
2022-11-14,396.66,400.1799,394.83,395.12,71522915,397.6185,SPY
2022-11-15,401.15,402.31,394.49,398.49,93153920,398.7872,SPY
2022-11-16,396.78,397.78,394.79,395.45,68508454,396.0919,SPY
2022-11-17,390.46,394.95,390.14,394.24,74426055,392.8118,SPY
2022-11-18,397.74,397.81,393.04,396.03,92442751,395.404,SPY
2022-11-21,394.64,395.82,392.66,394.59,51152189,394.533,SPY
2022-11-22,396.63,400.07,395.1527,399.9,60420325,398.2376,SPY
2022-11-23,399.55,402.93,399.31,402.42,67212628,401.5769,SPY
2022-11-25,401.83,402.91,401.535,402.33,30545434,402.273,SPY
2022-11-28,399.09,400.81,395.11,395.91,68021749,397.8797,SPY
2022-11-29,396.05,397.3,393.3,395.23,52310039,395.1758,SPY
2022-11-30,395.49,407.68,393.48,407.68,144105353,401.7814,SPY
2022-12-01,408.77,410.0,404.75,407.38,75908170,407.3717,SPY
2022-12-02,402.25,407.86,402.14,406.91,83492731,405.1101,SPY
2022-12-05,403.95,404.93,398.17,399.59,77039815,401.4661,SPY
2022-12-06,399.42,399.99,391.64,393.83,77048217,394.8485,SPY
2022-12-07,392.94,395.64,391.97,393.16,65855396,393.4367,SPY
2022-12-08,395.14,397.36,393.2684,396.24,60737912,395.7063,SPY
2022-12-09,394.94,397.62,393.15,393.28,80793733,395.1955,SPY
2022-12-12,394.11,398.95,393.412,398.95,73915035,396.2128,SPY
2022-12-13,410.22,410.49,399.07,401.97,123649534,403.5676,SPY
2022-12-14,401.61,405.5,396.31,399.4,107711349,401.1302,SPY
2022-12-15,394.3,395.25,387.885,389.63,117015889,390.8991,SPY
2022-12-16,385.18,386.575,381.04,383.27,119852952,383.747,SPY
2022-12-19,383.47,383.82,378.28,380.02,79831403,380.603,SPY
2022-12-20,379.23,382.23,377.85,380.54,73927240,380.6305,SPY
2022-12-21,383.25,387.41,382.69,386.23,77836645,385.469,SPY
2022-12-22,383.05,386.2134,374.77,380.72,100105855,379.6225,SPY
2022-12-23,379.65,383.06,378.03,382.91,59827329,381.5261,SPY
2022-12-27,382.79,383.15,379.65,381.4,51540780,381.7774,SPY
2022-12-28,381.33,383.39,376.42,376.66,70911520,379.059,SPY
2022-12-29,379.63,384.35,379.08,383.44,66470557,382.4267,SPY
2022-12-30,380.64,382.58,378.43,382.43,84022205,381.2185,SPY